time,value
1.75,0.000919925942999999
1.751,0.000852126636999999
1.757,0.000994081573999999
1.759,0.000360172088999999
1.762,0.001790038227999999
1.763,0.000068685039
1.764,0.000374849480999999
1.765,0.000542983689999999
1.768,0.000146934442
1.77,0.000271170008
1.773,0.000528940303999999
1.777,0.000116397985999999
1.78,0.000145285196999999
1.783,0.000601845308
1.799,0.000032913356999999
1.8,0.000786604217999999
1.8,0.000028616467999999
1.803,0.000881939501999999
1.803,0.000151622265999999
1.805,0.000001509308999999
1.814,0.000825690892999999
1.816,0.000451724862999999
1.817,0.000416037772
1.817,0.000319523477999999
1.819,0.000717408193999999
1.82,0.000436629062999999
1.822,0.000907357264999999
1.834,0.000891391098999999
1.839,0.000623018212999999
1.847,0.000040461370999999
1.849,0.000897122964
1.86,0.000595932493999999
1.864,0.000219969387
1.87,0.000529959592999999
1.873,0.000677144604999999
1.875,0.000400555885999999
1.879,0.000628954606999999
1.89,0.000538332202999999
1.894,0.000699392427999999
1.895,0.000268913288
1.897,0.000896824297999999
1.9,0.000298933911999999
1.909,0.000555489317999999
1.912,0.000014050812999999
1.921,0.000929198332999999
1.923,0.000604535134999999
1.924,0.000246489860999999
1.925,0.00009379728
1.934,0.000693642344999999
1.935,0.000088852798
1.942,0.000717163337999999
1.946,0.000597989804999999
1.958,0.000339076109999999
1.959,0.000002655045999999
1.96,0.000547689163999999
1.962,0.000847900224999999
1.963,0.001100448951
1.964,0.000351990336
1.971,0.000973505974999999
1.972,0.000402485865999999
1.986,0.000996333193999999
1.993,0.000942941375999999
1.995,0.000681741401999999
1.998,0.000524999984999999
2.002,0.000344746539999999
2.002,0.000270583662999999
2.005,0.000545888203999999
2.01,0.00013323299
2.021,0.000710425865
2.024,0.000920441094999999
2.025,0.000201608477999999
2.031,0.000165170194
2.041,0.000949224432
2.043,0.000219891896999999
2.046,0.000395016557999999
2.048,0.000905902361999999
2.064,0.000741249757
2.071,0.000428674266999999
2.075,0.000685598970999999
2.076,0.000924127486999999
2.076,0.000487096505999999
2.077,0.000182643438999999
2.089,0.000193467525999999
2.092,0.000545726968999999
2.099,0.000841130213999999
2.107,0.000980357666999999
2.119,0.000732129679999999
2.119,0.000242500736999999
2.126,0.000567339226
2.128,0.000913218264999999
2.148,0.000666755626999999
2.151,0.000627554373
2.154,0.000060960603999999
2.159,0.000523800946999999
2.163,0.000992192550999999
2.164,0.001547598897999999
2.177,0.000194874627999999
2.183,0.000564252897999999
2.184,0.000771452138
2.188,0.001515422436999999
2.188,0.001007206177999999
2.19,0.000095055638999999
2.192,0.000573004440999999
2.194,0.000655241364
2.194,0.000541844026999999
2.195,0.000030558336
2.199,0.000506484434999999
2.208,0.000658992913999999
2.223,0.000775755861999999
2.243,0.000458085948
2.251,0.000558280857
2.252,0.000787751357
2.252,0.000543445230999999
2.253,0.000592947777999999
2.257,0.000940227346999999
2.261,0.000541366627
2.265,0.000689820065
2.271,0.000904574059999999
2.271,0.000289128579
2.278,0.00036347902
2.283,0.000633980283999999
2.286,0.002193281571999999
2.301,0.000607556123999999
2.302,0.000669219643
2.314,0.000933081060999999
2.314,0.000631732465999999
2.314,0.000323530127999999
2.317,0.001434980039
2.323,0.000095609419
2.327,0.000789034651999999
2.328,0.000519770091999999
2.337,0.001279603138999999
2.34,0.000299925498999999
2.34,0.000165514626
2.344,0.000700604213999999
2.344,0.000324876317
2.347,0.000146859879
2.352,0.000911464664
2.357,0.000910869331999999
2.361,0.000460173861999999
2.363,0.001177536797999999
2.363,0.000647379576999999
2.37,0.000664772420999999
2.37,0.000259450260999999
2.377,0.000952790971
2.377,0.000839290539999999
2.377,0.000100077188999999
2.382,0.000915230354
2.385,0.000689771446999999
2.386,0.000376550736
2.388,0.000480601767999999
2.389,0.000377624906999999
2.392,0.000880739884999999
2.396,0.000511622489999999
2.408,0.000059175943999999
2.409,0.000543292305999999
2.414,0.000212172579999999
2.417,0.000137125544999999
2.42,0.000999343855999999
2.42,0.000618033841999999
2.424,0.000219646888999999
2.425,0.000947604572999999
2.427,0.001725923077999999
2.43,0.000309012883999999
2.434,0.000915754172999999
2.44,0.000642292451999999
2.446,0.000354482023999999
2.449,0.000871713428999999
2.451,0.000881472578999999
2.453,0.000823837351999999
2.454,0.000613852258999999
2.459,0.000777256932999999
2.466,0.000925692019
2.466,0.000609340087999999
2.481,0.000096185834999999
2.483,0.000791697791999999
2.484,0.000649758471999999
2.493,0.000222969972999999
2.5,0.000056494099
2.512,0.000156239846
2.514,0.000273525799999999
2.514,0.000116915196999999
2.516,0.000881627563999999
2.516,0.000869352257999999
2.519,0.000555741923
2.525,0.000713667619999999
2.527,0.001514167853999999
2.528,0.000109136309
2.532,0.000790322891999999
2.537,0.000041143420999999
2.541,0.000526562642999999
2.545,0.000406674412999999
2.547,0.000356708819999999
2.55,0.000980123434999999
2.55,0.000484113945
2.555,0.000532879046
2.555,0.000034830882
2.559,0.000324137419
2.563,0.000952498666999999
2.563,0.000889135226999999
2.566,0.000144857639999999
2.569,0.000634517058
2.575,0.000598014795999999
2.583,0.000049574584999999
2.584,0.000460134314999999
2.59,0.000398448339999999
2.591,0.000007122366
2.596,0.000751112169999999
2.597,0.000014997694
2.601,0.000128008798999999
2.601,0.000003959912999999
2.608,0.000219347475999999
2.611,0.000712765175999999
2.612,0.000335233639999999
2.631,0.000814528759999999
2.633,0.000810333538999999
2.638,0.000620157824
2.642,0.000636047669999999
2.642,0.000037911705999999
2.649,0.000157421907999999
2.657,0.000162392906999999
2.661,0.002611565918999999
2.661,0.002365078625999999
2.661,0.001627087980999999
2.664,0.000821145262999999
2.665,0.000549919947999999
2.666,0.000432345345
2.668,0.000120376444999999
2.676,0.000898591785999999
2.676,0.000483975108999999
2.677,0.000683619641999999
2.681,0.000724564716999999
2.684,0.000106747300999999
2.693,0.000034784531999999
2.696,0.000428944254999999
2.698,0.000753540212
2.706,0.000289178614999999
2.719,0.000760317848
2.723,0.000521777345999999
2.725,0.000345432598999999
2.726,0.000723094482999999
2.729,0.000653819654999999
2.735,0.000190438247
2.75,0.000147924273
2.751,0.000622110941999999
2.756,0.000670151456
2.757,0.000359039026
2.76,0.000542131471
2.762,0.000388397157999999
2.768,0.000769618508
2.772,0.00073393765
2.774,0.000169385352999999
2.775,0.000510128621
2.78,0.000395717033999999
2.782,0.000506245225999999
2.783,0.000500335034
2.783,0.000333616102999999
2.783,0.000013564572999999
2.795,0.000876001198
2.798,0.00021925716
2.802,0.000624517012999999
2.805,0.000657821594999999
2.817,0.000171999547999999
2.82,0.000702169249999999
2.822,0.000448560749
2.823,0.000948677091
2.826,0.000087164144999999
2.837,0.000181657788999999
2.84,0.000878535683
2.84,0.000404579554
2.856,0.000214705251
2.87,0.000512955048999999
2.871,0.000494600048
2.873,0.000962998952999999
2.879,0.000041309554999999
2.881,0.000717113928999999
2.884,0.000479110676999999
2.895,0.000226186310999999
2.9,0.000726499890999999
2.913,0.000791185298999999
2.919,0.000271913183999999
2.924,0.000447193506999999
2.929,0.000469340876
2.941,0.000044022642999999
2.951,0.000825733655999999
2.951,0.000056352409999999
2.953,0.000701912992
2.961,0.000932281285
2.963,0.000884403145
2.966,0.000032982794
2.968,0.000930684159999999
2.969,0.000529279977999999
2.977,0.000381412672999999
2.981,0.000751765532999999
2.992,0.000587909436999999
2.992,0.000124957408999999
2.993,0.000825963410999999
2.999,0.000545290828999999
3.003,0.000187828672999999
3.007,0.000080309934999999
3.008,0.000584931688999999
3.008,0.000132074283999999
3.011,0.000726875346
3.012,0.000734779378999999
3.023,0.000503322617999999
3.024,0.000123538944999999
3.028,0.000511364339999999
3.031,0.000943711345999999
3.035,0.000343979170999999
3.036,0.000295266026999999
3.036,0.000046553807999999
3.038,0.000633774263999999
3.04,0.000576633475999999
3.043,0.000369400426
3.045,0.000643628716999999
3.045,0.000007713182999999
3.046,0.000346542794
3.052,0.000747900209999999
3.055,0.00007097574
3.058,0.000675492086999999
3.061,0.000897627761
3.063,0.000806699028
3.066,0.00056434938
3.069,0.000155967348999999
3.074,0.000575878109999999
3.075,0.000889476225999999
3.079,0.000953280405
3.087,0.000068295094999999
3.089,0.000847966481999999
3.089,0.000358575697
3.096,0.000806540508
3.099,0.000638040495999999
3.099,0.000514653832
3.112,0.000111281205999999
3.113,0.000964682769999999
3.113,0.000365151105999999
3.119,0.000349766941999999
3.124,0.000549706803999999
3.125,0.000271538942
3.14,0.00048459947
3.14,0.000280506803999999
3.162,0.000362783304999999
3.163,0.000973811278999999
3.164,0.00026458028
3.167,0.000582313322999999
3.171,0.000650845727999999
3.175,0.000948533463999999
3.186,0.000533271387999999
3.189,0.000043526557999999
3.193,0.000125135579999999
3.198,0.000706722821999999
3.206,0.000458123320999999
3.207,0.000478776019
3.212,0.000695081171999999
3.213,0.000826877351999999
3.213,0.000676482500999999
3.216,0.000617393847
3.218,0.000921689177
3.22,0.000520127030999999
3.229,0.000549375940999999
3.24,0.000418326337999999
3.243,0.000887855393999999
3.243,0.000310326189999999
3.245,0.000033893943999999
3.252,0.000041571947999999
3.254,0.000586657684999999
3.256,0.000693870341
3.257,0.000997711421999999
3.258,0.000061487868999999
3.263,0.000640471426999999
3.267,0.000496793036999999
3.269,0.000484430760999999
3.271,0.000487992720999999
3.28,0.000936120028
3.292,0.000656033959999999
3.292,0.000479431506999999
3.292,0.000014520123999999
3.301,0.000717521367999999
3.305,0.000972287411999999
3.306,0.001584616517999999
3.31,0.000289781094999999
3.317,0.000351632774999999
3.321,0.000526647977999999
3.323,0.000076505888999999
3.327,0.000150472836999999
3.333,0.000759486013999999
3.338,0.000470793530999999
3.34,0.000072983356999999
3.342,0.000861775996999999
3.342,0.000171328807999999
3.344,0.000459986006999999
3.356,0.000619323524
3.356,0.000370920595999999
3.36,0.000256687029
3.367,0.000594565506999999
3.368,0.000627211820999999
3.375,0.000779931222999999
3.378,0.000149474787999999
3.382,0.000576612812
3.383,0.000635598903999999
3.385,0.000765251736999999
3.387,0.000709015512
3.391,0.000100499027999999
3.395,0.000482803544999999
3.418,0.000278777411999999
3.422,0.000509593390999999
3.427,0.000326376327999999
3.428,0.000869499315999999
3.428,0.000734203643999999
3.429,0.000878623277
3.43,0.000895813932
3.432,0.000444026491
3.441,0.000353941357999999
3.444,0.000449957998999999
3.451,0.000849593388
3.458,0.000063111964999999
3.459,0.000216692331999999
3.463,0.000777693617
3.465,0.001060044703999999
3.471,0.000385024389999999
3.475,0.000372739506
3.477,0.000526456290999999
3.483,0.000980545399999999
3.483,0.000148876670999999
3.484,0.000440014563999999
3.485,0.000127711827999999
3.487,0.000959972615
3.487,0.000858805832999999
3.489,0.001557196266
3.49,0.000746145165999999
3.495,0.000860112802999999
3.499,0.000823193785999999
3.511,0.000769467129999999
3.518,0.000389530378
3.524,0.000659289291999999
3.525,0.000588851904999999
3.528,0.000542391172999999
3.533,0.000648861844
3.535,0.000683639548999999
3.54,0.000099237695999999
3.542,0.000991103889
3.546,0.000290612253999999
3.552,0.000919751483999999
3.565,0.000691258586999999
3.567,0.000797338921999999
3.57,0.000328452901999999
3.571,0.000310447026999999
3.574,0.000965691682999999
3.576,0.000838579194999999
3.579,0.000760204375
3.583,0.000672053870999999
3.583,0.000652961046999999
3.597,0.001806450387999999
3.597,0.001779468617999999
3.603,0.000464939657
3.606,0.000743220073999999
3.614,0.000289010702999999
3.616,0.000398788000999999
3.636,0.000904297667
3.636,0.000324281937999999
3.637,0.000235305292999999
3.639,0.000485702111999999
3.646,0.000653877627999999
3.65,0.000551077040999999
3.659,0.000065063254999999
3.662,0.00010590835
3.667,0.000093394880999999
3.669,0.000073975884999999
3.671,0.000806458781
3.678,0.001926984808999999
3.678,0.001173663845999999
3.678,0.000954343644999999
3.683,0.000003445935999999
3.693,0.001312290159
3.701,0.000068050644
3.706,0.000521144348999999
3.72,0.000460520821999999
3.722,0.000285148244999999
3.725,0.000732920317999999
3.729,0.000025781734999999
3.731,0.000543425027
3.743,0.001339938483999999
3.743,0.000068561941
3.748,0.000813587004999999
3.751,0.000568057756999999
3.755,0.000153433999999999
3.755,0.000136467935999999
3.76,0.000292516422999999
3.763,0.000054243151999999
3.773,0.000161607269999999
3.775,0.000098566961999999
3.784,0.000293910163999999
3.785,0.000714117754
3.786,0.000403639242
3.787,0.000255677599999999
3.787,0.000164942435
3.788,0.000621629932
3.789,0.000319733293
3.81,0.000912665676999999
3.811,0.000102270983999999
3.815,0.000410878220999999
3.816,0.000273703183999999
3.816,0.000264721734999999
3.819,0.000819902684
3.819,0.000694513205999999
3.83,0.000572823123
3.834,0.000204405037999999
3.835,0.000364710261
3.841,0.000062028426
3.843,0.000140197645999999
3.845,0.000645612953999999
3.852,0.000485568059
3.858,0.000115753831
3.859,0.000553817449
3.869,0.000914790190999999
3.87,0.000176999208999999
3.876,0.000875270916999999
3.879,0.000673296779
3.883,0.000908798573
3.888,0.000041158278
3.889,0.000435594065999999
3.897,0.000518152723999999
3.9,0.000095772791999999
3.902,0.000913022731999999
3.908,0.000549062013999999
3.92,0.000373550941999999
3.925,0.000602280099999999
3.927,0.000319607634999999
3.928,0.000244360937999999
3.929,0.000682847271999999
3.932,0.000743655757999999
3.932,0.000051102621999999
3.934,0.000157845689
3.937,0.000857331021999999
3.941,0.000935781336999999
3.947,0.000254018247999999
3.948,0.000729074120999999
3.948,0.000443157665999999
3.952,0.000812807460999999
3.953,0.000831734733999999
3.953,0.000674181701999999
3.959,0.000201491049
3.962,0.000374251093999999
3.969,0.000439564947999999
3.976,0.000789761292999999
3.977,0.000897061213
3.977,0.000043363258999999
3.978,0.000811880148999999
3.979,0.000107590026999999
3.984,0.000861939715999999
3.984,0.000366992896
3.99,0.000048596069
3.991,0.000971412630999999
3.991,0.000767214482
4.002,0.000815413074999999
4.006,0.001857730843999999
4.008,0.000408383572999999
4.009,0.000796585553
4.011,0.000696717228999999
4.014,0.000022913189999999
4.021,0.000953458952
4.021,0.000476335238999999
4.025,0.001788861281999999
4.025,0.001223598266
4.03,0.000261141426999999
4.033,0.000150237943999999
4.036,0.000904717600999999
4.047,0.000155207998999999
4.049,0.000590356702
4.049,0.000474266649999999
4.059,0.000252193516999999
4.06,0.000833415601999999
4.065,0.000361404630999999
4.067,0.001459021089
4.068,0.000033938009999999
4.075,0.000290971043999999
4.084,0.000270702991999999
4.085,0.000171452444
4.086,0.000609416485
4.087,0.000339478621999999
4.101,0.000354673688999999
4.103,0.000110631031999999
4.106,0.000319907377999999
4.114,0.000545642925
4.124,0.000289964447999999
4.126,0.000974459451999999
4.13,0.000665400257999999
4.132,0.000112883266
4.136,0.000634225199
4.138,0.000057062289999999
4.144,0.000088203932999999
4.147,0.000318919972999999
4.147,0.000157396873
4.15,0.000796067531999999
4.15,0.000002321585999999
4.157,0.000461438316999999
4.163,0.000828768286999999
4.164,0.000936713812
4.165,0.000144307475999999
4.168,0.000336405898
4.168,0.000181728199999999
4.169,0.000619961006
4.173,0.000594157927999999
4.181,0.000391768228999999
4.187,0.000459625419
4.189,0.000246370902999999
4.191,0.001661227928999999
4.215,0.000728567015999999
4.218,0.000151360889999999
4.223,0.000797347997
4.225,0.000451551554999999
4.226,0.000538540577999999
4.231,0.000500590563999999
4.241,0.000147883706999999
4.247,0.000596925405999999
4.248,0.000206658027999999
4.256,0.000811582972999999
4.26,0.000742711780999999
4.273,0.000664358175
4.279,0.000868460094999999
4.282,0.000562888623999999
4.283,0.001126781204999999
4.288,0.000787698922999999
4.289,0.000973704409
4.29,0.000923441783
4.292,0.000698206137999999
4.297,0.000736162570999999
4.299,0.000959918016999999
4.299,0.000864788594
4.3,0.000346278383999999
4.308,0.000861407228999999
4.309,0.000601441901999999
4.311,0.000926902051999999
4.312,0.000138226642
4.313,0.000005036505999999
4.329,0.000028744032999999
4.34,0.000193031751
4.343,0.000739737456999999
4.346,0.000301828890999999
4.349,0.000852795780999999
4.351,0.000440918954999999
4.352,0.000287491517999999
4.354,0.000601187633999999
4.355,0.000759887683999999
4.357,0.000449785680999999
4.358,0.000259202419999999
4.367,0.000723007671
4.375,0.000049105540999999
4.38,0.000558020633999999
4.389,0.000863313846999999
4.392,0.000240845673999999
4.393,0.000491919667999999
4.396,0.000331495839
4.398,0.000310662699999999
4.403,0.000536874011999999
4.406,0.000062720534
4.407,0.00038187444
4.41,0.000156713809999999
4.411,0.000155474046999999
4.412,0.000255821971999999
4.414,0.000933604270999999
4.415,0.001678737677999999
4.418,0.000372484905999999
4.424,0.000001511064
4.428,0.000643108985999999
4.428,0.000086830661999999
4.428,0.000028218490999999
4.43,0.000001508268999999
4.431,0.000630371685999999
4.437,0.000883581300999999
4.437,0.000567165201999999
4.442,0.000942604438999999
4.442,0.000777884151999999
4.444,0.000678535100999999
4.456,0.000055285850999999
4.463,0.000631409063999999
4.464,0.000058440107999999
4.484,0.000062513879
4.485,0.000165370923999999
4.488,0.000550018644
4.495,0.000700362994999999
4.503,0.000050221535999999
4.505,0.000502802341
4.509,0.001559494042
4.511,0.000181958311999999
4.513,0.000216094653999999
4.516,0.000624606555999999
4.534,0.000389246384999999
4.541,0.000482384610999999
4.547,0.000568863010999999
4.551,0.000198659017999999
4.552,0.000616493561
4.556,0.000653654623999999
4.559,0.000537947275999999
4.561,0.000759446432999999
4.563,0.000852428148999999
4.564,0.001357440358999999
4.566,0.000620639682999999
4.569,0.000064633560999999
4.575,0.000427452389
4.578,0.000573167851999999
4.58,0.000926471428999999
4.581,0.000763530461
4.584,0.000087430423999999
4.587,0.000388823604
4.588,0.000300369962999999
4.589,0.000431653490999999
4.591,0.000089684306999999
4.593,0.000174848574
4.602,0.000374548988999999
4.607,0.000352147309999999
4.612,0.000011370049999999
4.613,0.000184471958999999
4.615,0.000381171982
4.618,0.000594027734999999
4.619,0.000289855474999999
4.63,0.000677458560999999
4.634,0.000982250343999999
4.648,0.000482075722999999
4.652,0.001904523444999999
4.654,0.000872402784999999
4.671,0.000329674896999999
4.676,0.000982459609999999
4.677,0.000578092581999999
4.677,0.000293148864999999
4.687,0.000149715272999999
4.689,0.000509773912999999
4.69,0.000440692047999999
4.69,0.000263263693999999
4.697,0.000798257228999999
4.7,0.000681061741
4.708,0.000659741904999999
4.71,0.000784558849999999
4.711,0.000947044026999999
4.717,0.000990621263999999
4.719,0.000643856370999999
4.72,0.000708646630999999
4.725,0.000743365036
4.726,0.000005538901999999
4.729,0.000881343511
4.732,0.000295538754999999
4.733,0.000840900550999999
4.733,0.000068132312999999
4.739,0.000231787301999999
4.744,0.000895395986999999
4.746,0.000228373475999999
4.748,0.000097038102999999
4.749,0.000281242103999999
4.75,0.000785171925999999
4.75,0.000574492762999999
4.752,0.000020568948999999
4.755,0.00007901425
4.758,0.000734744058
4.759,0.000351762878999999
4.761,0.000175307939999999
4.768,0.000462429313999999
4.772,0.000524761646999999
4.773,0.000839026851999999
4.773,0.000314419072999999
4.773,0.000248317586999999
4.78,0.000521601290999999
4.79,0.000991910168999999
4.79,0.000511652349999999
4.792,0.000348402429999999
4.803,0.000600239946999999
4.811,0.000912951205
4.812,0.000108577848999999
4.816,0.000729955250999999
4.822,0.001042412676999999
4.83,0.000531590713999999
4.831,0.000817745437999999
4.842,0.000673099099999999
4.844,0.000993866115999999
4.844,0.000641425929999999
4.846,0.000397885885999999
4.847,0.000089175199
4.852,0.000162169483
4.853,0.000352951636999999
4.857,0.000423230144999999
4.87,0.000872148234
4.873,0.000058305378999999
4.878,0.000312057376999999
4.881,0.000683096893999999
4.891,0.000285861729
4.895,0.000662337164
4.912,0.000794047170999999
4.912,0.000437568514999999
4.918,0.000160876798999999
4.92,0.001215177918999999
4.928,0.000924210566999999
4.931,0.000064868602999999
4.943,0.000757630656999999
4.946,0.000610796705
4.95,0.00085092136
4.95,0.000774182851999999
4.957,0.000922162005
4.963,0.000357834193
4.978,0.000682388647999999
4.98,0.000013938994
4.983,0.000463297350999999
4.983,0.000167271156
4.984,0.000190183913999999
4.992,0.000610389332
4.996,0.000231141685999999
5.001,0.000126848972
5.002,0.000898779617999999
5.006,0.000297950538999999
5.008,0.000817101069999999
5.008,0.000343467581999999
5.01,0.000452227766
5.011,0.000169717808999999
5.018,0.000632672071999999
5.019,0.000707095797999999
5.019,0.000610087115
5.019,0.000393121318999999
5.021,0.000840278051999999
5.027,0.000083502798999999
5.029,0.000618552590999999
5.046,0.000011243815999999
5.051,0.000665895200999999
5.059,0.000531690239999999
5.067,0.000203711268999999
5.067,0.000188014316
5.07,0.000568658430999999
5.071,0.000339766125999999
5.079,0.000909118199999999
5.09,0.000440358282
5.092,0.000246500710999999
5.093,0.00015731292
5.096,0.000365492304
5.097,0.000285616881999999
5.099,0.000736505703999999
5.102,0.000250669062999999
5.103,0.000377426304
5.103,0.000060572554999999
5.112,0.000213111024999999
5.115,0.000942754291999999
5.118,0.000253944619999999
5.122,0.000864451286999999
5.123,0.000615341572
5.123,0.000288168673
5.126,0.000193091017999999
5.133,0.001518667709999999
5.134,0.000442899081999999
5.143,0.000358298881
5.143,0.000208137859999999
5.144,0.000780601141999999
5.148,0.000007715178
5.15,0.000249613849999999
5.158,0.000152345342
5.166,0.001564370108999999
5.169,0.000810893191999999
5.173,0.000497465463999999
5.174,0.000858197122999999
5.18,0.000816059185999999
5.182,0.000640657360999999
5.187,0.000013653879
5.188,0.0001029933
5.19,0.000507051155999999
5.191,0.000760152574999999
5.192,0.000412593927999999
5.194,0.001018487100999999
5.197,0.000161618682999999
5.206,0.000109640342999999
5.208,0.000187414360999999
5.216,0.000781079235999999
5.216,0.00063276455
5.222,0.000320352426
5.226,0.000952709623
5.236,0.000424491106999999
5.243,0.000292001873999999
5.244,0.000835483331999999
5.25,0.000720910396999999
5.251,0.000732253223999999
5.263,0.000319838215999999
5.263,0.000142415561999999
5.264,0.000626052418
5.264,0.000609418685999999
5.272,0.000442516252999999
5.276,0.000342477758999999
5.282,0.000062919119999999
5.285,0.000962388615999999
5.288,0.000050561662999999
5.292,0.000715930258999999
5.297,0.000026355961999999
5.306,0.000902781336
5.306,0.000619705492999999
5.308,0.001268748589999999
5.309,0.000884157408999999
5.31,0.000762114540999999
5.314,0.000812641685999999
5.321,0.000924246100999999
5.331,0.000941752118999999
5.331,0.000841179799999999
5.342,0.000840181916999999
5.352,0.000426562171999999
5.353,0.000338377001999999
5.355,0.00063365279
5.367,0.000878714050999999
5.367,0.000742740054999999
5.37,0.000280259856999999
5.371,0.000302438111
5.372,0.001098977102999999
5.372,0.00076160463
5.372,0.000052088433999999
5.38,0.000600444404
5.382,0.000404441364
5.382,0.000175882062
5.385,0.000747066994999999
5.385,0.000527424417999999
5.386,0.000246028248
5.39,0.000428267616
5.392,0.000854368702999999
5.393,0.000911619159
5.398,0.000675222394
5.399,0.000045974460999999
5.405,0.000005113574
5.412,0.000832023089999999
5.416,0.000833662469999999
5.418,0.000617274929999999
5.426,0.000613481176999999
5.431,0.000385314503999999
5.435,0.000244943603999999
5.437,0.000920757402
5.438,0.000778959849999999
5.438,0.000216926418999999
5.438,0.000107445233
5.439,0.00082563731
5.446,0.000997940935999999
5.454,0.001706847236999999
5.455,0.000594065392999999
5.455,0.000073182118999999
5.457,0.000720828234999999
5.457,0.000393654187
5.459,0.000291078921999999
5.46,0.000607655254999999
5.468,0.000861143141999999
5.471,0.000912535404
5.475,0.000992553125999999
5.479,0.000328779692
5.48,0.000353609875999999
5.483,0.000627977901999999
5.488,0.000523685691999999
5.492,0.000644659974999999
5.492,0.000151112821999999
5.495,0.000400867946999999
5.515,0.000070180928999999
5.521,0.000614099446999999
5.528,0.000521110217999999
5.532,0.000820440379999999
5.535,0.000736522700999999
5.536,0.000962559678999999
5.537,0.000767427824999999
5.538,0.000129643603
5.539,0.000755645599999999
5.559,0.000737790703999999
5.56,0.000561119321999999
5.562,0.000179480077999999
5.563,0.000714007130999999
5.567,0.000187750734999999
5.568,0.000600214600999999
5.569,0.000843168026999999
5.569,0.000809906511999999
5.573,0.000304133767
5.583,0.000680486417999999
5.588,0.000891199274999999
5.592,0.000278469881999999
5.593,0.000580161462999999
5.597,0.000233893895999999
5.609,0.000888011384999999
5.61,0.000130522698999999
5.612,0.000125026312999999
5.615,0.000233811864999999
5.617,0.000534414521999999
5.622,0.000507954458
5.627,0.000975944217999999
5.628,0.000553846742
5.638,0.000439838111
5.672,0.000722512415999999
5.679,0.000436105448999999
5.681,0.000487958831999999
5.684,0.000185456704999999
5.694,0.000397616040999999
5.694,0.000174139465
5.695,0.000279239167
5.698,0.000618137812999999
5.702,0.000485442593
5.706,0.000606979770999999
5.71,0.00073894678
5.717,0.000492311372999999
5.723,0.000577417429
5.724,0.000673997151
5.726,0.000881643113999999
5.728,0.000374360461
5.732,0.000881137715999999
5.736,0.000781967210999999
5.737,0.000069671853999999
5.742,0.000408004830999999
5.748,0.000340236883999999
5.748,0.000150404069999999
5.749,0.000073860740999999
5.758,0.000726705562999999
5.763,0.000869373542999999
5.763,0.0003868119
5.772,0.000503836663999999
5.78,0.000804183772999999
5.781,0.001001378769999999
5.788,0.000028070756999999
5.79,0.000987996580999999
5.793,0.000194342164
5.797,0.000775331641
5.8,0.000659986681999999
5.808,0.000893148375999999
5.809,0.000172429878999999
5.81,0.000326501189999999
5.812,0.000358079199999999
5.814,0.000282417002999999
5.824,0.000100569564
5.829,0.000512723283
5.833,0.000223487112
5.842,0.000754283003999999
5.844,0.000253579758999999
5.85,0.000669077699999999
5.852,0.000891830072999999
5.853,0.000210390730999999
5.875,0.000914482986999999
5.875,0.000314156634999999
5.886,0.000332518659999999
5.89,0.000323560255999999
5.9,0.000013369812999999
5.906,0.000880293094999999
5.916,0.000484309498
5.921,0.001694780718
5.922,0.000929883295999999
5.931,0.000964351325
5.938,0.000783874881999999
5.94,0.000538908897999999
5.945,0.000875122863999999
5.95,0.000771665342999999
5.959,0.000007318884999999
5.962,0.000696750398
5.967,0.000376098366999999
5.973,0.000272897308999999
5.98,0.000112452716999999
5.987,0.000214887164999999
5.994,0.000772802094
6.007,0.000374633072
6.011,0.000917849787999999
6.011,0.00086342101
6.015,0.000093303856
6.021,0.000950055188999999
6.021,0.000635560056999999
6.026,0.000712667409
6.028,0.000770476981999999
6.03,0.001395430506999999
6.036,0.000862465597999999
6.037,0.001355214628
6.037,0.000965036472999999
6.038,0.000279021851
6.04,0.000676577684999999
6.044,0.000501514514999999
6.048,0.000564394010999999
6.053,0.000765369246
6.055,0.000372986248999999
6.065,0.000511396782
6.065,0.000211031796999999
6.067,0.000764284040999999
6.067,0.000013879864
6.072,0.000858061926
6.076,0.000470969265999999
6.076,0.000409237855999999
6.079,0.000232511899
6.093,0.000589016600999999
6.096,0.00003737504
6.099,0.000658394040999999
6.109,0.001166414394999999
6.109,0.000327040686999999
6.12,0.000518767210999999
6.122,0.001073607732999999
6.123,0.000681315819
6.131,0.000186185493999999
6.14,0.000537023586
6.141,0.000093836244999999
6.144,0.000130006237999999
6.146,0.000356480696999999
6.15,0.000237269250999999
6.152,0.000122609933999999
6.153,0.00069637916
6.167,0.000011978363999999
6.17,0.000958526611999999
6.183,0.000151691936999999
6.195,0.000268368854
6.195,0.000049365384999999
6.207,0.000847779353999999
6.212,0.000974532594999999
6.214,0.000827941718999999
6.214,0.000311500253999999
6.215,0.000181066619999999
6.218,0.000829247048999999
6.231,0.000959631755999999
6.241,0.000644874751999999
6.244,0.000860010386999999
6.245,0.000215095474
6.257,0.000417086597999999
6.26,0.000815540183999999
6.26,0.000671911706999999
6.263,0.000886055061999999
6.266,0.000278685000999999
6.268,0.000661357325
6.269,0.000336753208999999
6.277,0.00029911841
6.277,0.000283440887999999
6.291,0.000191695031
6.294,0.000511253861999999
6.294,0.000374401915999999
6.306,0.000526435550999999
6.307,0.000057498652999999
6.31,0.000602211608
6.313,0.000353907316
6.314,0.000393045550999999
6.316,0.000368670873999999
6.321,0.000565489003999999
6.326,0.000615393212999999
6.334,0.000274333128
6.339,0.000120984784999999
6.345,0.000416765567999999
6.345,0.000126550481999999
6.347,0.000975069187999999
6.354,0.000532148080999999
6.36,0.000507529463999999
6.361,0.000756990420999999
6.367,0.000741945899
6.372,0.000033093166999999
6.375,0.000565924299999999
6.377,0.000188888140999999
6.383,0.000564015498999999
6.383,0.000546336250999999
6.383,0.000397328012
6.386,0.000543133351
6.387,0.000622828079999999
6.391,0.000096560987999999
6.393,0.000135958918
6.393,0.000111605783999999
6.404,0.000636043458999999
6.406,0.000201825367999999
6.411,0.000441034608999999
6.413,0.000278721258999999
6.418,0.000861093894999999
6.422,0.000001207180999999
6.429,0.000071020052999999
6.429,0.000001282157
6.435,0.000876708881999999
6.44,0.000229306201999999
6.441,0.000970369479
6.442,0.000460687081999999
6.451,0.000551016796999999
6.451,0.000368924067
6.457,0.000619678343999999
6.463,0.000894337906999999
6.464,0.000923203665999999
6.47,0.000471521215999999
6.474,0.000857971861999999
6.476,0.000676926478
6.478,0.000271904718999999
6.48,0.000121906699999999
6.48,0.000004046058999999
6.481,0.000601200712999999
6.487,0.000120751755999999
6.488,0.000647049307999999
6.49,0.000959533277
6.495,0.000116399781999999
6.499,0.000165433625999999
6.5,0.000736001903999999
6.507,0.000861420032999999
6.508,0.001186504334
6.518,0.000513274754999999
6.522,0.000413203881999999
6.525,0.000422334390999999
6.528,0.000927184806999999
6.53,0.000547186502
6.531,0.000656880687999999
6.531,0.000617697044999999
6.532,0.000473725039999999
6.533,0.000993864063999999
6.533,0.000868085742999999
6.538,0.000685737644999999
6.539,0.000053845090999999
6.54,0.000245468359999999
6.55,0.000120398930999999
6.553,0.000125095579999999
6.554,0.000742918424999999
6.554,0.000015218746999999
6.561,0.000843522445999999
6.567,0.000531945227999999
6.57,0.000619574473999999
6.571,0.00067524485
6.577,0.000769331831999999
6.583,0.000877193085999999
6.588,0.000683230078999999
6.59,0.000331411863
6.591,0.000502809096999999
6.597,0.000970401495
6.598,0.000326902231999999
6.6,0.000547736489
6.614,0.000251454493
6.628,0.000847182186
6.633,0.000882787243
6.635,0.000088628398
6.64,0.000284338360999999
6.642,0.000199828895999999
6.645,0.001021837152
6.647,0.000878222564
6.65,0.000553083088999999
6.651,0.000102250699999999
6.651,0.000004008992999999
6.656,0.000544710268999999
6.657,0.000550167536999999
6.658,0.000786506011999999
6.671,0.000646463239
6.672,0.000977099945
6.672,0.000738900407999999
6.685,0.000475298807999999
6.687,0.000257578318999999
6.688,0.000315230855999999
6.697,0.000047560433
6.704,0.000393491388
6.706,0.000773135524999999
6.706,0.000426661074999999
6.708,0.000604150038999999
6.712,0.000993800106999999
6.713,0.000966719573999999
6.713,0.000520869780999999
6.715,0.000917232296999999
6.716,0.000129228452999999
6.721,0.000592497075999999
6.723,0.000964534092
6.727,0.000718639409999999
6.731,0.000922037246999999
6.733,0.000409211648999999
6.733,0.000393046059999999
6.733,0.000159727655
6.735,0.000863219667999999
6.737,0.000827302966999999
6.742,0.000095529708999999
6.744,0.000813281508
6.749,0.000124017741999999
6.75,0.00038910395
6.756,0.000152634075999999
6.758,0.000902522767999999
6.761,0.000462254495
6.765,0.000609535873999999
6.771,0.000995704321
6.773,0.000450635391999999
6.775,0.000168265249999999
6.783,0.000475521168999999
6.785,0.000960302673
6.79,0.000472353553999999
6.797,0.000792881887999999
6.804,0.000372985611999999
6.806,0.000350018682999999
6.811,0.001673509609999999
6.811,0.001104860078999999
6.814,0.000521782779999999
6.826,0.000098093910999999
6.827,0.000558817868999999
6.827,0.000008334585999999
6.836,0.000441386437999999
6.842,0.000616973145999999
6.842,0.000016703191
6.843,0.000080117738999999
6.848,0.000353087804
6.856,0.000533889324999999
6.857,0.000580426215999999
6.861,0.000666317545
6.868,0.000198408611
6.88,0.000678008543999999
6.882,0.000786210210999999
6.885,0.000085971652
6.889,0.000321507030999999
6.897,0.000936997155999999
6.901,0.000565717106999999
6.904,0.000826620871999999
6.905,0.000047826796999999
6.914,0.000211454471999999
6.925,0.000197813527999999
6.927,0.000095324500999999
6.934,0.000025008951999999
6.945,0.000481702315
6.948,0.000368447024999999
6.952,0.000210757388999999
6.96,0.000467032974999999
6.97,0.000342404270999999
6.97,0.000010522461999999
6.971,0.000835185246999999
6.972,0.000090454396999999
6.974,0.000274305944999999
6.974,0.000084528978999999
6.984,0.000805845888
6.984,0.000285815960999999
6.985,0.000038878397999999
6.988,0.000238313768999999
6.991,0.000100970193999999
6.994,0.000012677064999999
6.997,0.000837170674
6.997,0.000020803111999999
6.998,0.000980610749999999
6.999,0.000736908056999999
6.999,0.000568107554999999
6.999,0.000504275804
7.002,0.000808911539999999
7.014,0.000669857929
7.016,0.000768423480999999
7.019,0.000393226460999999
7.028,0.00064733949
7.028,0.000507960735999999
7.03,0.000922572619999999
7.03,0.000445755586999999
7.031,0.000758891648
7.031,0.000682588892999999
7.031,0.000172385474
7.032,0.000698282132999999
7.034,0.000579631791
7.043,0.000446922046
7.06,0.000700176221
7.073,0.000032959147
7.083,0.000923074129999999
7.091,0.000123007892999999
7.094,0.000058049811999999
7.096,0.000759385313999999
7.099,0.000827710365
7.108,0.000140254473999999
7.112,0.000258954765
7.113,0.000778675739
7.118,0.000341806679999999
7.122,0.000436352136999999
7.122,0.000205550474999999
7.133,0.000518810890999999
7.144,0.000386932624999999
7.15,0.000290468661999999
7.159,0.000970182206
7.16,0.000142034211999999
7.163,0.000625563993999999
7.163,0.000276539117999999
7.165,0.000629088357999999
7.167,0.000760674797999999
7.17,0.000736819129
7.175,0.000645870673999999
7.178,0.000842323653999999
7.184,0.000197401654999999
7.186,0.000668782406
7.187,0.000862524651999999
7.187,0.000329326826999999
7.188,0.000512202053
7.193,0.000341643169999999
7.195,0.000681919287999999
7.204,0.000852964913999999
7.205,0.000247460690999999
7.209,0.000048146794999999
7.21,0.000745425708999999
7.211,0.000373617655
7.218,0.000119819669999999
7.221,0.000823615605999999
7.226,0.000100053579
7.227,0.000268155651999999
7.229,0.000723946041999999
7.24,0.000661384574999999
7.245,0.000333330621999999
7.246,0.000179340180999999
7.265,0.000140566964
7.268,0.001400553733999999
7.268,0.001194207332
7.271,0.000018532016999999
7.273,0.000124648355999999
7.279,0.000786722982999999
7.284,0.000578190820999999
7.286,0.00017818122
7.288,0.000741187149999999
7.288,0.000149041357999999
7.29,0.000625442234999999
7.292,0.000515287852999999
7.303,0.000326876421999999
7.31,0.000543743709999999
7.312,0.000872340646999999
7.313,0.000560028287999999
7.318,0.000754449017999999
7.32,0.000653996840999999
7.322,0.000799053190999999
7.323,0.000521620953999999
7.325,0.000994520902999999
7.326,0.000149994102999999
7.329,0.000978474117999999
7.33,0.000343198866999999
7.333,0.000216219810999999
7.336,0.000612747350999999
7.341,0.000883552714999999
7.348,0.000816444409
7.371,0.000777697579
7.378,0.000995930690999999
7.383,0.000270267260999999
7.384,0.000512263333999999
7.387,0.00045362677
7.388,0.000371522428
7.389,0.000894824281999999
7.39,0.000209025568
7.394,0.000122912043999999
7.399,0.000560237374999999
7.402,0.000135160116999999
7.408,0.000813257854
7.412,0.000914528195
7.417,0.000592357682
7.42,0.000282073568999999
7.421,0.000307968347999999
7.424,0.000583144771
7.425,0.000573507580999999
7.432,0.000573702555999999
7.449,0.000028116729
7.45,0.000805215439999999
7.453,0.000257881245999999
7.454,0.000767582246
7.459,0.000028149645999999
7.463,0.000063300267999999
7.464,0.000150230305999999
7.468,0.00028001353
7.472,0.000420864323999999
7.475,0.000807768826999999
7.476,0.000415624064999999
7.48,0.000864956287999999
7.482,0.000209225618999999
7.485,0.000384429382999999
7.487,0.000038627729999999
7.49,0.000445907915999999
7.498,0.000602877666999999
7.5,0.000910487187999999
7.501,0.000126445420999999
7.502,0.000113602166999999
7.508,0.00074314954
7.511,0.000507437906999999
7.512,0.000032460465999999
7.515,0.000292386764999999
7.519,0.000573043212999999
7.523,0.000124306045
7.533,0.002365759617999999
7.535,0.000941774754999999
7.536,0.000879009140999999
7.538,0.000312693400999999
7.54,0.000148607456
7.547,0.002122738112999999
7.56,0.000041670583999999
7.563,0.000888945946
7.57,0.000869667084999999
7.57,0.000297154651999999
7.579,0.000701141633
7.581,0.000829135493999999
7.584,0.000152185154999999
7.586,0.000074282353
7.588,0.000202490148999999
7.595,0.000793480529999999
7.595,0.000180259519999999
7.596,0.000000235174
7.605,0.000978592984999999
7.608,0.000454538431999999
7.609,0.000966741653999999
7.615,0.000002707688
7.626,0.000169817495999999
7.627,0.000189530674999999
7.638,0.000597142577
7.643,0.000908350701999999
7.656,0.001968162405999999
7.662,0.000094123857999999
7.668,0.000046257851
7.67,0.000263397803
7.675,0.000928250565999999
7.676,0.000157740371999999
7.678,0.000190853867999999
7.697,0.000426249738999999
7.704,0.000294226487999999
7.707,0.000736911799999999
7.71,0.000258806196999999
7.712,0.000619334584999999
7.715,0.000750199996999999
7.722,0.000261577171
7.723,0.000680999062
7.726,0.000689563047
7.726,0.000182531933999999
7.728,0.000064947809
7.733,0.000575908605999999
7.735,0.000321670113
7.736,0.000723795531999999
7.747,0.000191558187999999
7.752,0.000346512708999999
7.759,0.000873639070999999
7.761,0.000590158614999999
7.763,0.000336643771999999
7.764,0.000786624683999999
7.773,0.000302429690999999
7.776,0.000007186117
7.778,0.000544827507
7.784,0.000290438632999999
7.788,0.000911551515999999
7.806,0.000549926768
7.808,0.000065134821
7.811,0.001925194832999999
7.811,0.000884339080999999
7.813,0.000896931863999999
7.814,0.000515402647999999
7.817,0.000864944759999999
7.82,0.000192036427999999
7.823,0.000522317613999999
7.832,0.001698452336999999
7.832,0.000622877220999999
7.833,0.000236116470999999
7.835,0.000635371789999999
7.846,0.000958632004
7.846,0.000584529796999999
7.853,0.000884195022999999
7.856,0.000487463078999999
7.861,0.000806416849999999
7.883,0.000208496712999999
7.887,0.000560346698
7.887,0.000029553951
7.894,0.000416357681
7.899,0.000320109893999999
7.899,0.000288341838
7.902,0.000288955797999999
7.905,0.000982063239999999
7.906,0.000393093320999999
7.914,0.000438076447999999
7.916,0.000819133268999999
7.916,0.000471007313
7.933,0.000321702355999999
7.938,0.000467818201
7.938,0.000008438762
7.944,0.000606176958
7.947,0.000053050889
7.949,0.000221864179999999
7.952,0.000141101014999999
7.959,0.000962602856999999
7.97,0.000456657457999999
7.972,0.000482194774999999
7.973,0.000572480857
7.978,0.000876057763999999
7.978,0.000755761023999999
7.982,0.000816306618999999
7.99,0.000121946390999999
7.993,0.000130215606999999
7.995,0.000557883128
7.999,0.000092167925999999
8.002,0.000986016559
8.004,0.000179455016
8.005,0.000668752485999999
8.008,0.000780255330999999
8.009,0.000754577841999999
8.012,0.000109170362
8.013,0.000084602498999999
8.019,0.000180538942999999
8.024,0.000602015288999999
8.027,0.000872062960999999
8.028,0.001293228255999999
8.03,0.000902679767999999
8.03,0.000055949553
8.036,0.000106914008999999
8.038,0.000052078550999999
8.042,0.000836421659999999
8.044,0.000784307480999999
8.044,0.000187495668999999
8.045,0.000987184182
8.048,0.000992695847999999
8.073,0.000336901279999999
8.08,0.000975381220999999
8.087,0.000596635662
8.088,0.00006231187
8.094,0.000030599114
8.095,0.000758382281999999
8.1,0.000915323463999999
8.102,0.000383016069999999
8.104,0.000364133212
8.105,0.000006919724999999
8.11,0.000597649406999999
8.111,0.000551296635
8.118,0.000221245263999999
8.12,0.000207074873999999
8.125,0.000135698396999999
8.126,0.001099127042999999
8.134,0.000503897093999999
8.137,0.000975061868999999
8.143,0.000954805438999999
8.143,0.000324337757999999
8.148,0.000058860079999999
8.155,0.000650205585999999
8.165,0.000954591870999999
8.165,0.000774087797999999
8.171,0.000442853807
8.176,0.001256165004
8.177,0.000640895676999999
8.177,0.000530271187
8.18,0.000715720820999999
8.181,0.000722414108999999
8.181,0.000327234555999999
8.182,0.000506792159999999
8.184,0.000334271144999999
8.185,0.000944318905
8.189,0.000857563949999999
8.194,0.000865380263
8.195,0.000888875362999999
8.201,0.000899152000999999
8.204,0.000459432628999999
8.212,0.000087761586999999
8.214,0.000466294909999999
8.222,0.000745193758999999
8.223,0.000688503209999999
8.225,0.000764850210999999
8.227,0.000980957079999999
8.228,0.000895760906999999
8.231,0.000287550827999999
8.235,0.000993136963999999
8.237,0.000495510077999999
8.238,0.000609572121
8.24,0.000253440906
8.242,0.000695359645
8.248,0.000724608517999999
8.249,0.000954309622999999
8.253,0.000841727240999999
8.263,0.000596736774999999
8.266,0.000078771151999999
8.267,0.000188830953
8.268,0.000701995838999999
8.269,0.000633812496999999
8.27,0.001553689013999999
8.272,0.001834759060999999
8.273,0.000969077869
8.275,0.000752109962999999
8.275,0.000235502842
8.283,0.000840604172999999
8.287,0.000603375727999999
8.287,0.000524894291999999
8.295,0.000777237849999999
8.296,0.000710460486
8.301,0.000362414156999999
8.314,0.000441226030999999
8.316,0.000092926800999999
8.317,0.000440838695999999
8.325,0.001192691799999999
8.325,0.000034171378
8.33,0.000013365357999999
8.334,0.000331924867999999
8.337,0.000385454400999999
8.338,0.000682237577999999
8.342,0.000964428460999999
8.347,0.000554262839999999
8.348,0.000752236731999999
8.349,0.000003453100999999
8.35,0.000922593567999999
8.364,0.000958471284999999
8.374,0.000884757642999999
8.379,0.000774058704999999
8.392,0.000150787069999999
8.396,0.000852457596
8.398,0.000007606315999999
8.4,0.000132995770999999
8.404,0.000670476364999999
8.406,0.000875543695999999
8.412,0.000640223749999999
8.413,0.000457234796
8.414,0.001038879489999999
8.425,0.000817744313999999
8.43,0.000711782939999999
8.438,0.000256186173999999
8.445,0.000918119856999999
8.448,0.000274604447999999
8.449,0.000189162628999999
8.452,0.000157282329999999
8.456,0.000835483145999999
8.459,0.000776885339999999
8.465,0.000251489624999999
8.47,0.000517877665999999
8.482,0.000720785213999999
8.483,0.000746870748
8.485,0.000616294878
8.498,0.001959805595
8.498,0.001298199370999999
8.508,0.000853738101999999
8.513,0.000646472507999999
8.52,0.000824205416
8.523,0.000015129187999999
8.53,0.000292489177999999
8.533,0.000577131079999999
8.539,0.000292569224999999
8.541,0.000307198983999999
8.547,0.000104895826999999
8.548,0.000991184927999999
8.553,0.001407595146
8.562,0.000281361647999999
8.567,0.000033697052999999
8.569,0.000109920781999999
8.578,0.000723664755999999
8.578,0.000539310379999999
8.581,0.000043844453
8.582,0.000607165453999999
8.601,0.000697922924999999
8.604,0.000131405999999999
8.605,0.000081858669999999
8.606,0.000937019342
8.607,0.000783441123999999
8.612,0.000006955945
8.613,0.000673027561
8.618,0.000245721742999999
8.619,0.000956020938999999
8.619,0.000936533002
8.628,0.000687855845999999
8.632,0.000553343394999999
8.632,0.000391418313999999
8.634,0.000928054902999999
8.644,0.000320166886
8.646,0.000945785319
8.647,0.000355242075999999
8.657,0.002596890924999999
8.657,0.00058260948
8.657,0.000285902538
8.659,0.000646961475999999
8.661,0.000488599667999999
8.663,0.000869354975999999
8.675,0.000484615521999999
8.681,0.000976740118999999
8.681,0.00061432075
8.682,0.000331143198999999
8.686,0.000591092609
8.686,0.000282108059999999
8.687,0.000089298182
8.692,0.000671506024
8.694,0.001627631326
8.7,0.000980463745
8.701,0.000334213896999999
8.701,0.000260513189999999
8.706,0.000272843942999999
8.717,0.000537517331999999
8.719,0.000367008718999999
8.721,0.000804700672999999
8.726,0.000786345651999999
8.728,0.000701937608999999
8.738,0.000640628056999999
8.74,0.000352579474999999
8.75,0.000592597612999999
8.758,0.000285386997
8.761,0.000215338056999999
8.768,0.000235731976999999
8.769,0.000051287996
8.771,0.000983796691999999
8.775,0.000988985760999999
8.778,0.000493330304
8.778,0.000105561312
8.782,0.000435088340999999
8.784,0.000759047492999999
8.786,0.000105600651999999
8.788,0.000661771450999999
8.789,0.001020966863999999
8.801,0.000770983499999999
8.81,0.000007886960999999
8.814,0.000722439106999999
8.819,0.000958653474999999
8.821,0.000968074871999999
8.821,0.000585088200999999
8.822,0.0002569744
8.825,0.000494424222
8.828,0.000480538263
8.828,0.000338521024999999
8.831,0.000312879812999999
8.836,0.000502165053999999
8.844,0.000666746462999999
8.845,0.000459460965
8.848,0.000695762242999999
8.851,0.001353901058999999
8.865,0.000594735697999999
8.866,0.000225523214999999
8.866,0.000015238657999999
8.869,0.000587473088999999
8.873,0.000848121300999999
8.874,0.000961167230999999
8.876,0.000752366233999999
8.878,0.000625052732999999
8.879,0.000175285398999999
8.887,0.000374255462999999
8.89,0.000700588172999999
8.895,0.000541582646999999
8.919,0.000893482949
8.921,0.000740552442999999
8.923,0.000711497745
8.929,0.001633062208999999
8.939,0.000369653521999999
8.946,0.000740525996
8.949,0.000701827915999999
8.952,0.000898591578999999
8.954,0.000908227204999999
8.959,0.000109045264999999
8.96,0.000808731646
8.96,0.000771451336999999
8.961,0.001399753502999999
8.961,0.000294244191999999
8.969,0.000284274560999999
8.978,0.000494329110999999
8.979,0.000921311925999999
8.979,0.00011251982
8.981,0.000749449877999999
8.987,0.000474757924
8.989,0.000627826893999999
8.989,0.000620777119
8.989,0.000328712967999999
8.993,0.000370387316999999
8.994,0.000454250901999999
8.995,0.000569682997999999
8.996,0.000550350040999999
9.003,0.000423355517999999
9.005,0.000195246411999999
9.006,0.000652648288999999
9.006,0.000062859406999999
9.007,0.000011325218
9.011,0.000245862067999999
9.018,0.000114911085999999
9.021,0.000593570247999999
9.025,0.001582546029
9.029,0.000864664487
9.031,0.000482339839999999
9.032,0.000583139804999999
9.033,0.000711369879999999
9.034,0.000602350246999999
9.045,0.000716093972999999
9.047,0.000269799807999999
9.053,0.000702469827999999
9.055,0.000664161152999999
9.056,0.000798588209999999
9.057,0.000227091250999999
9.06,0.000071210419999999
9.061,0.000470636342
9.073,0.000057026995
9.076,0.000298457051999999
9.085,0.000973767583999999
9.086,0.000111686750999999
9.094,0.001833102504999999
9.095,0.000927020914
9.098,0.000993262792999999
9.104,0.000644555103
9.104,0.000088671499
9.105,0.000871304206999999
9.107,0.000979659193
9.107,0.000130322268999999
9.108,0.000494364452999999
9.121,0.000945868103999999
9.133,0.000737621417
9.134,0.000034066576999999
9.137,0.000365534485999999
9.138,0.001107413995999999
9.139,0.000908360312
9.14,0.000862443139999999
9.143,0.000752870725
9.143,0.000442817945999999
9.144,0.000631899770999999
9.159,0.000706756348999999
9.163,0.000681045223999999
9.164,0.000216838121999999
9.171,0.000901122284
9.171,0.000173733312999999
9.18,0.000937587584999999
9.18,0.000509463169999999
9.182,0.000340449857999999
9.189,0.000422232142
9.193,0.000066879739999999
9.197,0.000790013898999999
9.199,0.000975526421
9.208,0.000748339481
9.217,0.000639273989
9.219,0.000672297947999999
9.236,0.000781514096999999
9.238,0.000588100211999999
9.241,0.000222466036
9.244,0.000261683798999999
9.249,0.000574352407999999
9.253,0.000606043676
9.258,0.000414848659999999
9.261,0.000501653489999999
9.261,0.000282748064999999
9.262,0.000128548548
9.267,0.000670750367999999
9.27,0.000412417391999999
9.273,0.000915659765999999
9.284,0.000279107653999999
9.285,0.000555416376999999
9.288,0.00028803857
9.29,0.000761056568999999
9.292,0.000459452317999999
9.292,0.000434824732999999
9.292,0.000133805983999999
9.293,0.000064969920999999
9.31,0.000339084375999999
9.314,0.000247107429
9.314,0.000160773498999999
9.315,0.000490763170999999
9.315,0.000462106929999999
9.32,0.000237987439999999
9.322,0.000609548092999999
9.333,0.000440619509999999
9.343,0.000212595947999999
9.343,0.000186124145999999
9.345,0.000493330590999999
9.348,0.000141250317999999
9.358,0.000429253081999999
9.366,0.000677569902999999
9.374,0.000582219754999999
9.386,0.000192015257999999
9.388,0.000470595668
9.389,0.000795448377
9.392,0.000501822465999999
9.395,0.000995188685
9.396,0.000107088807999999
9.397,0.000728056234999999
9.405,0.000565605373999999
9.409,0.00043342247
9.414,0.000744564959999999
9.419,0.000146375430999999
9.424,0.000494599656999999
9.427,0.000241538411999999
9.431,0.000481859899999999
9.435,0.000605940084999999
9.439,0.000682763702999999
9.444,0.000200105218
9.449,0.000337430287999999
9.45,0.000688215951999999
9.458,0.000480500450999999
9.458,0.000318534849999999
9.46,0.000925340799
9.464,0.000153845452999999
9.465,0.000431950950999999
9.474,0.000598519627999999
9.476,0.000978469059999999
9.491,0.000919239088999999
9.497,0.000793036947999999
9.506,0.000065159377
9.514,0.000300824555999999
9.515,0.000714735205
9.517,0.000622378002
9.52,0.000744644164
9.523,0.000525986646
9.525,0.000112960863999999
9.532,0.000707988914999999
9.532,0.000390490781999999
9.538,0.000579651733999999
9.54,0.000766114942999999
9.547,0.001800782748999999
9.547,0.000585090963999999
9.55,0.000607164512
9.556,0.000328744640999999
9.56,0.000016877729999999
9.563,0.000017705274999999
9.564,0.000451416142999999
9.565,0.000463470389999999
9.568,0.000485474347999999
9.569,0.000217987234999999
9.569,0.000155310245999999
9.576,0.000350144567999999
9.579,0.000916922294
9.579,0.000873175274999999
9.579,0.000429151798999999
9.582,0.000312931817
9.591,0.000775368112
9.596,0.000316082250999999
9.603,0.000036442412999999
9.622,0.000189168906999999
9.626,0.000586011699
9.633,0.000533114281999999
9.643,0.000107146011999999
9.649,0.000890539412999999
9.649,0.000341544183999999
9.651,0.000148049835999999
9.656,0.000403192204999999
9.66,0.00060649795
9.662,0.000461277913999999
9.666,0.000028756985
9.671,0.000087055003999999
9.681,0.000969712398999999
9.686,0.000087797609
9.694,0.000992317471999999
9.704,0.000172767116999999
9.706,0.001066609501999999
9.717,0.000129064194
9.728,0.000102732943999999
9.732,0.000982944078
9.732,0.000576906247999999
9.742,0.000693212496999999
9.745,0.000745074058999999
9.747,0.000528059171999999
9.749,0.000766205527999999
9.754,0.000632577626999999
9.755,0.000924682648
9.758,0.000905955773999999
9.762,0.000001345385
9.77,0.000063197799
9.777,0.000386981811
9.778,0.000714341510999999
9.779,0.000672985315999999
9.785,0.000980722801999999
9.814,0.000983383042999999
9.821,0.000416354786999999
9.823,0.000433826425999999
9.828,0.000330086181999999
9.83,0.000084309215999999
9.831,0.000370417551
9.837,0.000101071538999999
9.842,0.000981537765999999
9.848,0.000757757174999999
9.855,0.000715588369999999
9.869,0.000991140449
9.869,0.000223522171999999
9.88,0.000981584235999999
9.895,0.001128019803999999
9.909,0.000822381424999999
9.91,0.000331776916
9.912,0.001259183025999999
9.912,0.000519312262999999
9.917,0.000411958062999999
9.921,0.000370409296999999
9.927,0.00085297987
9.927,0.000754563605999999
9.934,0.000827659669
9.937,0.000158039393
9.939,0.000611610023999999
9.941,0.000371153949999999
9.945,0.000948511849
9.957,0.000863249374999999
9.961,0.000097702285999999
9.963,0.000714126262999999
9.966,0.000668883382999999
9.968,0.000012828702
9.97,0.000509304409
9.97,0.000422680765
9.977,0.00040305058
9.979,0.000119731166999999
9.984,0.000647908033999999
9.988,0.000587445266
9.989,0.001234934015999999
9.989,0.000466020392999999
9.991,0.000567685310999999
9.993,0.000897255101
9.993,0.000229892160999999
9.999,0.000871040171999999
